Workbook

Sheet Pipeline Tracker
A1: DATA PIPELINE PROJECT TRACKER
A2: Stage | B2: Sub-Task | C2: Description | D2: Owner | E2: Status | F2: Priority | G2: Start Date | H2: Due Date | I2: % Complete | J2: Dependencies | K2: Deliverable | L2: Notes / Risks
A3: 1. Data | B3: Data Source Identification | C3: Identify all candidate data sources (internal, vendor, public) | E3: Not Started | F3: High | I3: 0 | K3: Source inventory list
A4: 1. Data | B4: Legal vs Not-Legal Assessment | C4: Classify each source: permissible use, licensing, PII constraints | E4: Not Started | F4: High | I4: 0 | K4: Legal clearance matrix | L4: Engage Legal/Compliance early
A5: 1. Data | B5: Date Range Definition | C5: Define observation window, backfill periods, and vintage dates | E5: Not Started | F5: High | I5: 0 | K5: Date range spec doc | L5: Align with benchmark calendar
A6: 1. Data | B6: Data Ingestion & Storage | C6: Load raw data into staging environment; validate schema | E6: Not Started | F6: Medium | I6: 0 | K6: Staged dataset
A7: 2. Sampling | B7: Simple vs Panel Decision | C7: Decide sampling methodology — cross-sectional (simple) or longitudinal (panel) | E7: Not Started | F7: High | I7: 0 | J7: Data stage complete | K7: Sampling design memo
A8: 2. Sampling | B8: Sample Size Calculation | C8: Power analysis / minimum sample thresholds per stratum | E8: Not Started | F8: High | I8: 0 | K8: Sample size table
A9: 2. Sampling | B9: Panel Construction | C9: If panel: define entity IDs, entry/exit rules, rebalance frequency | E9: Not Started | F9: Medium | I9: 0 | J9: Simple vs Panel decided | K9: Panel spec document | L9: Survivorship bias check
A10: 2. Sampling | B10: Sampling Validation | C10: Verify representativeness; compare sample vs population distributions | E10: Not Started | F10: Medium | I10: 0 | K10: Validation report
A11: 3. Inclusion Criteria | B11: Floor & Ceiling Filters | C11: Set min/max thresholds (AUM, market cap, revenue, etc.) | E11: Not Started | F11: High | I11: 0 | J11: Sampling complete | K11: Filter rule set | L11: Document rationale for each cutoff
A12: 3. Inclusion Criteria | B12: Essentials Screen | C12: Define must-have attributes (coverage, history length, quality score) | E12: Not Started | F12: High | I12: 0 | K12: Essentials checklist
A13: 3. Inclusion Criteria | B13: Super Panel / Panel Classification | C13: Tier entities into Super Panel (highest quality) vs standard Panel | E13: Not Started | F13: Medium | I13: 0 | K13: Tiered entity list
A14: 3. Inclusion Criteria | B14: Min / Max / Mean / Median Analysis | C14: Compute summary stats on filtered universe; flag outliers | E14: Not Started | F14: Medium | I14: 0 | K14: Summary stats table
A15: 4. EDA | B15: Strata Analysis | C15: Segment data by key dimensions (sector, geography, size band) | E15: Not Started | F15: High | I15: 0 | J15: Inclusion criteria finalized | K15: Strata distribution charts
A16: 4. EDA | B16: Survey / Jobs / Macro Data Review | C16: Cross-reference with external survey, employment, or macro datasets | E16: Not Started | F16: Medium | I16: 0 | K16: Cross-reference summary
A17: 4. EDA | B17: Time Series Exploration | C17: Analyze trends, seasonality, structural breaks across the panel | E17: Not Started | F17: High | I17: 0 | K17: Time series plots & stats | L17: Check for non-stationarity
A18: 4. EDA | B18: Missing Data & Outlier Treatment | C18: Imputation strategy, winsorization, or exclusion rules | E18: Not Started | F18: Medium | I18: 0 | K18: Data quality report
A19: 5. Benchmarks | B19: SPICE / Custom Benchmark Design | C19: Select or construct benchmark (index, peer group, composite) | E19: Not Started | F19: High | I19: 0 | J19: EDA complete | K19: Benchmark definition doc | L19: Clarify SPICE methodology
A20: 5. Benchmarks | B20: Sort-Based Analysis | C20: Rank entities by key metric; form quintiles/deciles | E20: Not Started | F20: Medium | I20: 0 | K20: Sort tables & spread analysis
A21: 5. Benchmarks | B21: Correlation Analysis | C21: Compute cross-sectional and time-series correlations | E21: Not Started | F21: Medium | I21: 0 | K21: Correlation matrix / heatmaps
A22: 5. Benchmarks | B22: Other Benchmark Comparisons | C22: Compare against additional external or internal benchmarks | E22: Not Started | F22: Low | I22: 0 | K22: Comparison tables
A23: 6. Reporting | B23: Index Construction | C23: Build reportable index from benchmarked data; define methodology | E23: Not Started | F23: High | I23: 0 | J23: Benchmarks complete | K23: Index methodology doc
A24: 6. Reporting | B24: Draft Report | C24: Author narrative report with findings, charts, and recommendations | E24: Not Started | F24: High | I24: 0 | K24: Draft report (Word/PDF)
A25: 6. Reporting | B25: Comparison / Attribution | C25: Performance attribution vs benchmark; relative analysis | E25: Not Started | F25: Medium | I25: 0 | K25: Attribution tables
A26: 6. Reporting | B26: Insights & Commentary | C26: Executive-level insights, forward-looking implications | E26: Not Started | F26: High | I26: 0 | K26: Insights one-pager
A27: 7. Sign-Off | B27: Internal Review | C27: Circulate draft to stakeholders for review and feedback | E27: Not Started | F27: High | I27: 0 | J27: Draft report complete | K27: Review comments log
A28: 7. Sign-Off | B28: Final Approval & Distribution | C28: Obtain sign-off; publish or distribute final deliverable | E28: Not Started | F28: High | I28: 0 | J28: Internal review complete | K28: Signed-off final report
A30: OVERALL PROGRESS | I30: =AVERAGE(I3:I28) -> 0

Sheet Stage Summary
A1: STAGE SUMMARY DASHBOARD
A2: Stage | B2: Total Tasks | C2: Not Started | D2: In Progress | E2: Complete | F2: Blocked | G2: Completion %
A3: 1. Data | B3: =COUNTIF('Pipeline Tracker'!A3:A28,"1. Data") -> 4 | C3: =COUNTIFS('Pipeline Tracker'!A3:A28,"1. Data",'Pipeline Tracker'!E3:E28,"Not Started") -> 4 | D3: =COUNTIFS('Pipeline Tracker'!A3:A28,"1. Data",'Pipeline Tracker'!E3:E28,"In Progress") -> 0 | E3: =COUNTIFS('Pipeline Tracker'!A3:A28,"1. Data",'Pipeline Tracker'!E3:E28,"Complete") -> 0 | F3: =COUNTIFS('Pipeline Tracker'!A3:A28,"1. Data",'Pipeline Tracker'!E3:E28,"Blocked") -> 0 | G3: =IFERROR(E3/B3,0) -> 0
A4: 2. Sampling | B4: =COUNTIF('Pipeline Tracker'!A3:A28,"2. Sampling") -> 4 | C4: =COUNTIFS('Pipeline Tracker'!A3:A28,"2. Sampling",'Pipeline Tracker'!E3:E28,"Not Started") -> 4 | D4: =COUNTIFS('Pipeline Tracker'!A3:A28,"2. Sampling",'Pipeline Tracker'!E3:E28,"In Progress") -> 0 | E4: =COUNTIFS('Pipeline Tracker'!A3:A28,"2. Sampling",'Pipeline Tracker'!E3:E28,"Complete") -> 0 | F4: =COUNTIFS('Pipeline Tracker'!A3:A28,"2. Sampling",'Pipeline Tracker'!E3:E28,"Blocked") -> 0 | G4: =IFERROR(E4/B4,0) -> 0
A5: 3. Inclusion Criteria | B5: =COUNTIF('Pipeline Tracker'!A3:A28,"3. Inclusion Criteria") -> 4 | C5: =COUNTIFS('Pipeline Tracker'!A3:A28,"3. Inclusion Criteria",'Pipeline Tracker'!E3:E28,"Not Started") -> 4 | D5: =COUNTIFS('Pipeline Tracker'!A3:A28,"3. Inclusion Criteria",'Pipeline Tracker'!E3:E28,"In Progress") -> 0 | E5: =COUNTIFS('Pipeline Tracker'!A3:A28,"3. Inclusion Criteria",'Pipeline Tracker'!E3:E28,"Complete") -> 0 | F5: =COUNTIFS('Pipeline Tracker'!A3:A28,"3. Inclusion Criteria",'Pipeline Tracker'!E3:E28,"Blocked") -> 0 | G5: =IFERROR(E5/B5,0) -> 0
A6: 4. EDA | B6: =COUNTIF('Pipeline Tracker'!A3:A28,"4. EDA") -> 4 | C6: =COUNTIFS('Pipeline Tracker'!A3:A28,"4. EDA",'Pipeline Tracker'!E3:E28,"Not Started") -> 4 | D6: =COUNTIFS('Pipeline Tracker'!A3:A28,"4. EDA",'Pipeline Tracker'!E3:E28,"In Progress") -> 0 | E6: =COUNTIFS('Pipeline Tracker'!A3:A28,"4. EDA",'Pipeline Tracker'!E3:E28,"Complete") -> 0 | F6: =COUNTIFS('Pipeline Tracker'!A3:A28,"4. EDA",'Pipeline Tracker'!E3:E28,"Blocked") -> 0 | G6: =IFERROR(E6/B6,0) -> 0
A7: 5. Benchmarks | B7: =COUNTIF('Pipeline Tracker'!A3:A28,"5. Benchmarks") -> 4 | C7: =COUNTIFS('Pipeline Tracker'!A3:A28,"5. Benchmarks",'Pipeline Tracker'!E3:E28,"Not Started") -> 4 | D7: =COUNTIFS('Pipeline Tracker'!A3:A28,"5. Benchmarks",'Pipeline Tracker'!E3:E28,"In Progress") -> 0 | E7: =COUNTIFS('Pipeline Tracker'!A3:A28,"5. Benchmarks",'Pipeline Tracker'!E3:E28,"Complete") -> 0 | F7: =COUNTIFS('Pipeline Tracker'!A3:A28,"5. Benchmarks",'Pipeline Tracker'!E3:E28,"Blocked") -> 0 | G7: =IFERROR(E7/B7,0) -> 0
A8: 6. Reporting | B8: =COUNTIF('Pipeline Tracker'!A3:A28,"6. Reporting") -> 4 | C8: =COUNTIFS('Pipeline Tracker'!A3:A28,"6. Reporting",'Pipeline Tracker'!E3:E28,"Not Started") -> 4 | D8: =COUNTIFS('Pipeline Tracker'!A3:A28,"6. Reporting",'Pipeline Tracker'!E3:E28,"In Progress") -> 0 | E8: =COUNTIFS('Pipeline Tracker'!A3:A28,"6. Reporting",'Pipeline Tracker'!E3:E28,"Complete") -> 0 | F8: =COUNTIFS('Pipeline Tracker'!A3:A28,"6. Reporting",'Pipeline Tracker'!E3:E28,"Blocked") -> 0 | G8: =IFERROR(E8/B8,0) -> 0
A9: 7. Sign-Off | B9: =COUNTIF('Pipeline Tracker'!A3:A28,"7. Sign-Off") -> 2 | C9: =COUNTIFS('Pipeline Tracker'!A3:A28,"7. Sign-Off",'Pipeline Tracker'!E3:E28,"Not Started") -> 2 | D9: =COUNTIFS('Pipeline Tracker'!A3:A28,"7. Sign-Off",'Pipeline Tracker'!E3:E28,"In Progress") -> 0 | E9: =COUNTIFS('Pipeline Tracker'!A3:A28,"7. Sign-Off",'Pipeline Tracker'!E3:E28,"Complete") -> 0 | F9: =COUNTIFS('Pipeline Tracker'!A3:A28,"7. Sign-Off",'Pipeline Tracker'!E3:E28,"Blocked") -> 0 | G9: =IFERROR(E9/B9,0) -> 0
A10: TOTAL | B10: =SUM(B3:B9) -> 26 | C10: =SUM(C3:C9) -> 26 | D10: =SUM(D3:D9) -> 0 | E10: =SUM(E3:E9) -> 0 | F10: =SUM(F3:F9) -> 0 | G10: =IFERROR(E10/B10,0) -> 0

Sheet RACI Matrix
A1: RACI RESPONSIBILITY MATRIX
A2: Stage | B2: Sub-Task | C2: Data Eng | D2: Data Science | E2: Quant / Research | F2: Legal / Compliance | G2: Product Owner | H2: Exec Sponsor
A3: 1. Data | B3: Data Source Identification
A4: 1. Data | B4: Legal vs Not-Legal Assessment
A5: 1. Data | B5: Date Range Definition
A6: 1. Data | B6: Data Ingestion & Storage
A7: 2. Sampling | B7: Simple vs Panel Decision
A8: 2. Sampling | B8: Sample Size Calculation
A9: 2. Sampling | B9: Panel Construction
A10: 2. Sampling | B10: Sampling Validation
A11: 3. Inclusion Criteria | B11: Floor & Ceiling Filters
A12: 3. Inclusion Criteria | B12: Essentials Screen
A13: 3. Inclusion Criteria | B13: Super Panel / Panel Classification
A14: 3. Inclusion Criteria | B14: Min / Max / Mean / Median Analysis
... A28: 7. Sign-Off | B28: Final Approval & Distribution

Sheet Risk Log
A1: RISK & ISSUE LOG
A2: Risk ID | B2: Related Stage | C2: Risk Description | D2: Likelihood | E2: Impact | F2: Risk Score | G2: Mitigation Plan | H2: Owner
A3: R-001 | B3: 1. Data | C3: Data sources may have unresolved licensing/PII issues | D3: Medium | E3: High | F3: =IFERROR(IF(AND(D3="High",E3="High"),"Critical",IF(OR(D3="High",E3="High"),"High","Medium")),"") -> High | G3: Engage Legal in week 1; maintain clearance matrix
A4: R-002 | B4: 2. Sampling | C4: Survivorship bias in panel construction | D4: High | E4: High | F4: =IFERROR(IF(AND(D4="High",E4="High"),"Critical",IF(OR(D4="High",E4="High"),"High","Medium")),"") -> Critical | G4: Backtest panel entry/exit rules against full history
A5: R-003 | B5: 3. Inclusion Criteria | C5: Arbitrary floor/ceiling cutoffs bias results | D5: Medium | E5: Medium | F5: =IFERROR(IF(AND(D5="High",E5="High"),"Critical",IF(OR(D5="High",E5="High"),"High","Medium")),"") -> Medium | G5: Document rationale; run sensitivity analysis on cutoffs
A6: R-004 | B6: 4. EDA | C6: Non-stationarity in time series invalidates analysis | D6: Medium | E6: High | F6: =IFERROR(IF(AND(D6="High",E6="High"),"Critical",IF(OR(D6="High",E6="High"),"High","Medium")),"") -> High | G6: Apply unit root tests; use differenced series if needed
A7: R-005 | B7: 5. Benchmarks | C7: SPICE benchmark methodology unclear or contested | D7: High | E7: High | F7: =IFERROR(IF(AND(D7="High",E7="High"),"Critical",IF(OR(D7="High",E7="High"),"High","Medium")),"") -> Critical | G7: Define methodology doc; get stakeholder buy-in early
A8: R-006 | B8: 6. Reporting | C8: Report findings misinterpreted without proper context | D8: Low | E8: High | F8: =IFERROR(IF(AND(D8="High",E8="High"),"Critical",IF(OR(D8="High",E8="High"),"High","Medium")),"") -> High | G8: Include methodology appendix; executive summary upfront
